{"cameraMode":{"drawMode":0,"name":"Shaded","section":"Shading Mode"},"sceneLighting":false,"audioPlay":false,"sceneViewState":{"showFog":true,"showMaterialUpdate":false,"showSkybox":false,"showFlares":true,"showImageEffects":true,"showParticleSystems":true},"in2DMode":false,"pivot":{"x":-4.579999923706055,"y":1.600000023841858,"z":-1.2699999809265137},"rotation":{"x":-0.18598802387714387,"y":0.6848534345626831,"z":-0.1875568926334381,"w":-0.6791267395019531},"size":0.21650634706020356,"orthographic":false}